{"cameraMode":{"drawMode":0,"name":"Shaded","section":"Shading Mode"},"sceneLighting":false,"audioPlay":false,"sceneViewState":{"showFog":true,"showMaterialUpdate":false,"showSkybox":true,"showFlares":true,"showImageEffects":true,"showParticleSystems":true},"in2DMode":false,"pivot":{"x":-0.0004030466079711914,"y":2.725404739379883,"z":0.0},"rotation":{"x":-0.04622151702642441,"y":0.9486124515533447,"z":-0.16470177471637727,"w":-0.26621681451797488},"size":2.333253860473633,"orthographic":false}